Rank	School	AIS	Visakha	RC-BC	AC-VV	RC	Metho	RI	APIIT	BC	SLSDC	LC	SJC		Total
Category															
1	Royal College 	8	6	2	2	6	8	6	4	2	8	6	6		64
2	Trinity College Kandy	2	1	8	6	8	1	2	1	2	2	4	2		39
3	Bishops College	2	2	2	4	4	1		2	2	4	8	4		35
3	Ananda College 	6	8		2	2	2	2	2		2	1	8		35
5	D.S. Senanayake College	4	2			1	1	4	8	8	1	2	2		33
6	Visakha Vidyalaya 		4	2	2	6		2	6	4	1	2	1		30
6	Ladies' College, Colombo 7		4		8	2	2	2	1	2	1	6	2		30
8	Asian International School 	2		1			2	8	1	4	1	2	1		22
8	Hillwood College Kandy 		4			4	6			2	2		4		22
10	St. Bridget's Convent 		1	6	1	0.5	1		2		4				15.5
11	Elizabeth Moir School	4			2	1			4		1	1	1		14
11	S.Thomas' College, Mount Lavinia 			4	2	1			2		2	1	2		14
13	Colombo International School 	2	1	2	1				1		1				8
14	Gateway College Dehiwala						4		1						5
15	Logos College			4											4
15	Methodist College, Colombo 3						4								4
15	The British School in Colombo		1				1					2			4
15	Gateway College Colombo 								1		1	1	1		4
19	St. Joseph’s College, Colombo 10								1				2		3
20	Isipathana College - Colombo 5 				1	0.5	1								2.5
21	Girls' High School Kandy			2											2
21	St. Anthony's College Kandy 					1			1						2
21	Stafford International School						2								2
24	Dharmaraja College 					1									1
25	ecole internationale, Digana 														0
25	Daybridge International School 														0
25	Mahamaya Girls' College Kandy 														0
25	Sujatha Vidylaya														0
25	Lyceum International School Gampaha														0
25	Gateway College Negombo 														0
25	Lyceum International School Wattala 														0
25															0
25															0
25															0
25															0
25															0
25															0
25															0